N,min,max,mean
500,-0.9999950454033061,0.9999950454033061,5.684341886080802e-17
